DATE,p_saving_rate,mortgage_rate,IPI_Cement,PPI_Cement,permit,PPI_Concrete,population,new_private_house,emratio,income,new_private_hw_under,GDP,home_ow_rate,house_st,total_emp_cons,labor_percent,all_Const_Emp,monthly_supply,unemployed_rate,MSPUS,target
01-01-1987,9.4,9.204,123.7373,100.1,1690,4.703203926,241857,7974.739004,61,3820.2,1090,4722.156,63.9,1774,5007,65.4,722.3,6,6.6,97900,63.735
01-02-1987,8.2,9.0825,123.167,100.8,1689,4.703203926,242005,7502.244305,61.1,3845,1096,4722.156,63.9,1784,5038,65.5,724.2,6.2,6.6,97900,64.135
01-03-1987,8.1,9.035,122.5706,101.2,1704,4.703203926,242166,7106.570176,61.2,3863.8,1084,4722.156,63.9,1726,5039,65.5,727.9,6,6.6,97900,64.47
01-04-1987,4.1,9.8325,123.5345,100.8,1601,4.703203926,242338,7316.773819,61.3,3875.4,1079,4806.16,63.9,1614,5053,65.4,728.1,6,6.3,103400,64.973
01-05-1987,7.8,10.596,123.8454,101.2,1500,4.697749367,242516,7203.844501,61.6,3908.6,1070,4806.16,63.9,1628,5080,65.7,727.6,6.7,6.3,103400,65.547
01-06-1987,7.3,10.5375,123.3012,101.2,1522,4.697749367,242706,6806.040809,61.4,3919.7,1060,4806.16,63.9,1594,5086,65.5,728.5,6.9,6.2,103400,66.218
01-07-1987,7.1,10.278,127.3025,101.1,1516,4.697749367,242908,7060.576162,61.6,3942.1,1051,4884.555,64.1,1575,5092,65.6,732.1,6.7,6.1,106000,66.786
01-08-1987,6.8,10.33,122.6327,101.1,1511,4.697749367,243118,6750.269997,61.8,3978.6,1045,4884.555,64.1,1605,5102,65.7,729.2,6.8,6,106000,67.27
01-09-1987,7.2,10.8875,125.4097,101.1,1514,4.697749367,243335,6563.287443,61.6,3995.6,1048,4884.555,64.1,1695,5096,65.5,731.6,6.8,5.9,106000,67.624
01-10-1987,7.9,11.26,127.4145,101,1447,4.697749367,243543,6512.914619,61.8,4034.7,1041,5007.994,64.1,1515,5142,65.7,741.3,6.8,6,111500,67.903
01-11-1987,8.2,10.65,127.2895,100.9,1457,4.697749367,243724,6517.948756,61.9,4062.1,1042,5007.994,64.1,1656,5152,65.7,742.8,7,5.8,111500,68.093
01-12-1987,8.4,10.64,124.5768,100.6,1345,4.697749367,243895,6790.822401,62,4115.7,1018,5007.994,64.1,1400,5180,65.7,743.5,7.6,5.7,111500,68.344
01-01-1988,7.9,10.3825,111.7494,100.7,1244,4.697749367,244056,6397.323389,62,4128.2,1008,5073.372,63.8,1271,5094,65.8,745,7.5,5.7,110000,68.583
01-02-1988,8.4,9.8925,119.6235,101.5,1438,4.697749367,244205,5879.392293,62.1,4153,976,5073.372,63.8,1473,5162,65.9,747,6.6,5.7,110000,68.916
01-03-1988,8,9.93,124.8638,101.1,1525,4.722063937,244362,6628.876216,61.9,4178.3,994,5073.372,63.8,1532,5201,65.7,750.1,6.6,5.7,110000,69.325
01-04-1988,8.7,10.202,123.2387,101.6,1429,4.722063937,244528,6704.700896,62.2,4209.5,999,5190.036,63.8,1573,5227,65.8,754,6.4,5.4,110000,69.789
01-05-1988,8.3,10.455,125.8846,102.3,1444,4.722063937,244708,6042.880923,62,4225.9,987,5190.036,63.8,1421,5228,65.7,751.2,6.6,5.6,110000,70.409
01-06-1988,8.4,10.46,126.7927,101.7,1485,4.722063937,244914,6187.213554,62.3,4258.9,980,5190.036,63.8,1478,5261,65.8,757,6.2,5.4,110000,71.068
01-07-1988,8.6,10.432,120.8889,101.5,1439,4.723841716,245131,6262.107693,62.3,4298.8,971,5282.835,63.8,1467,5270,65.9,747.1,6.6,5.4,115000,71.686
01-08-1988,8.4,10.5975,119.923,101.4,1460,4.718498871,245352,6382.273799,62.4,4323,967,5282.835,63.8,1493,5268,66.1,744.5,6.6,5.6,115000,72.185
01-09-1988,8.8,10.48,121.2472,100.9,1436,4.722953222,245579,6282.106796,62.4,4352.5,958,5282.835,63.8,1492,5270,65.9,740.5,6.5,5.4,115000,72.574
01-10-1988,8.6,10.3025,120.9774,100.7,1516,4.722953222,245789,6272.10581,62.5,4391.1,953,5399.509,63.8,1522,5262,66,732.8,6,5.4,113900,72.822
01-11-1988,8.4,10.265,121.3659,100.6,1508,4.725616339,245970,5667.585355,62.7,4402.5,960,5399.509,63.8,1569,5273,66.2,731.7,7.2,5.3,113900,73.065
01-12-1988,8.3,10.612,127.0205,100.6,1501,4.725616339,246140,6362.217611,62.6,4438.6,955,5399.509,63.8,1563,5277,66.1,730.4,6.8,5.3,113900,73.279
01-01-1989,8.5,10.73,132.6783,100.7,1466,4.725616339,246301,6432.463868,62.9,4501.5,955,5511.253,64,1621,5289,66.5,734.9,6.2,5.4,118000,73.617
01-02-1989,8.9,10.645,114.8575,100.2,1383,4.739701079,246454,6613.729935,62.9,4529.6,947,5511.253,64,1425,5278,66.3,721.9,7.5,5.2,118000,73.968
01-03-1989,9.4,11.032,115.9009,100.2,1214,4.745801316,246626,5839.880731,62.9,4570.2,940,5511.253,64,1422,5260,66.3,707.1,8.2,5,118000,74.41
01-04-1989,8.3,11.05,119.4545,101.2,1376,4.813809051,246814,6337.163368,62.9,4582.5,922,5612.463,63.9,1339,5295,66.4,707.9,7.4,5.2,118900,74.868
01-05-1989,8,10.7725,118.1679,101.2,1381,4.813809051,247010,5874.450727,62.9,4579.4,913,5612.463,63.9,1331,5299,66.3,709.3,7.1,5.2,118900,75.296
01-06-1989,8.1,10.196,117.488,101.2,1322,4.813809051,247228,5369.550936,63,4602.2,913,5612.463,63.9,1397,5298,66.5,706.6,7.2,5.3,118900,75.696
01-07-1989,8.1,9.8825,117.972,101.2,1283,4.813809051,247458,5564.65696,63,4628.5,918,5695.365,63.9,1427,5317,66.5,708.9,6.1,5.2,120000,76.042
01-08-1989,7.5,9.985,123.8397,100.9,1334,4.813809051,247695,5775.777011,63.1,4639.1,901,5695.365,63.9,1332,5330,66.5,716.6,6.4,5.2,120000,76.273
01-09-1989,7.9,10.126,120.7576,101.6,1314,4.813809051,247942,5330.680902,62.8,4662.3,895,5695.365,63.9,1279,5323,66.4,710.1,7.1,5.3,120000,76.422
01-10-1989,8.4,9.9475,124.1226,101.7,1365,4.813809051,248174,5306.412981,62.9,4703,897,5747.237,63.7,1410,5347,66.5,707.5,6.9,5.3,124800,76.489
01-11-1989,8.5,9.7675,125.519,101.6,1344,4.813809051,248380,6003.173333,63,4718.1,882,5747.237,63.7,1351,5364,66.6,708.1,6.6,5.4,124800,76.522
01-12-1989,7.7,9.744,114.9318,101.7,1422,4.813809051,248569,5166.054407,63,4735.7,885,5747.237,63.7,1251,5309,66.5,705.7,7,5.4,124800,76.498
01-01-1990,7.9,9.895,138.1363,101.7,1748,4.813809051,248743,6167.269223,63.2,4783.8,891,5872.701,64.1,1551,5422,66.8,710.3,7,5.4,123900,76.527
01-02-1990,8.5,10.1975,134.7538,101.7,1329,4.813809051,248920,5398.736747,63.2,4819.8,898,5872.701,64.1,1437,5416,66.7,707.3,7.6,5.3,123900,76.587
01-03-1990,8.3,10.268,132.5115,102,1246,4.813809051,249146,5364.689405,63.2,4842.7,885,5872.701,64.1,1289,5392,66.7,703,7.8,5.2,123900,76.79
01-04-1990,8.7,10.37,127.1853,102.5,1136,4.813809051,249436,5301.561789,63,4883.8,872,5960.028,63.9,1248,5355,66.6,692.5,8.3,5.4,126800,77.038
01-05-1990,8.7,10.4775,123.8842,102.5,1067,4.813809051,249707,5393.870469,63.1,4889.5,858,5960.028,63.9,1212,5321,66.6,688.6,8.2,5.4,126800,77.297
01-06-1990,8.6,10.164,123.1067,102.4,1108,4.813809051,249990,4968.784544,62.9,4919.3,846,5960.028,63.9,1177,5303,66.4,681.4,7.9,5.2,126800,77.505
01-07-1990,8.7,10.035,122.3559,102.7,1078,4.813809051,250285,5122.633155,62.8,4948.2,831,6015.116,63.9,1171,5274,66.5,673.9,7.8,5.5,117000,77.561
01-08-1990,8.1,10.1,119.6385,102.8,1069,4.813809051,250595,5180.542792,62.7,4949.9,813,6015.116,63.9,1115,5234,66.5,663.3,8.2,5.7,117000,77.479
01-09-1990,8.1,10.175,118.6876,103.5,976,4.83786795,250904,5204.706303,62.5,4978.6,793,6015.116,63.9,1110,5197,66.4,656.8,8.4,5.9,117000,77.229
01-10-1990,7.9,10.1775,113.6963,103.6,925,4.83786795,251201,5060.030409,62.5,4966.5,766,6004.733,64,1014,5134,66.4,646.3,8.7,5.9,121500,76.912
01-11-1990,8,10.014,116.5566,103.7,941,4.864452784,251486,4896.960449,62.3,4973.5,758,6004.733,64,1145,5095,66.4,633.8,8.2,6.2,121500,76.381
01-12-1990,8.8,9.6725,108.5216,103.8,861,4.864452784,251758,4540.712403,62.2,5004.1,745,6004.733,64,969,5047,66.4,624.3,8.5,6.3,121500,75.972
01-01-1991,9.4,9.6375,101.5934,105,786,4.864452784,252012,4427.749253,62,4990.4,716,6035.178,64,798,4972,66.2,610,9.4,6.4,120000,75.533
01-02-1991,9,9.365,108.6813,105.3,853,4.86753445,252253,4152.26049,61.9,4997.1,710,6035.178,64,965,4929,66.2,600.3,7.9,6.6,120000,75.249
01-03-1991,8.1,9.5,105.2613,105.8,911,4.876722877,252507,4554.868681,61.8,5005.8,678,6035.178,64,921,4881,66.3,598,7.3,6.8,120000,75.136
01-04-1991,8.7,9.4925,104.176,106.3,916,4.88204406,252778,4166.191083,62,5034.3,670,6126.862,64.1,1001,4842,66.4,587.6,7.3,6.7,119900,75.315
01-05-1991,8.5,9.472,104.1175,106.7,991,4.88204406,253060,4059.605528,61.6,5055.9,662,6126.862,64.1,996,4800,66.2,584.8,7,6.9,119900,75.768
01-06-1991,9,9.615,105.9744,106.6,964,4.88204406,253350,4166.191083,61.7,5090.8,654,6126.862,64.1,1036,4782,66.2,579.9,7,6.9,119900,76.253
01-07-1991,8.4,9.575,107.988,106.4,973,4.88204406,253650,4087.362474,61.6,5087,652,6205.937,64.1,1063,4752,66.1,574.1,7.1,6.8,120000,76.517
01-08-1991,8.7,9.244,107.1435,106.2,944,4.88204406,253966,3967.32955,61.5,5108.4,651,6205.937,64.1,1049,4733,66,569.3,6.8,6.9,120000,76.594
01-09-1991,8.9,9.0075,108.3246,105.4,974,4.918520005,254280,4744.36988,61.6,5141.5,633,6205.937,64.1,1015,4728,66.2,568.2,7.4,6.9,120000,76.575
01-10-1991,9.4,8.855,108.7024,105.5,991,4.900820428,254576,4087.362474,61.5,5157.7,630,6264.54,64.1,1079,4698,66.1,563.3,6.7,7,120000,76.29
01-11-1991,9.1,8.712,103.8766,105,984,4.900820428,254841,3797.637234,61.4,5177,636,6264.54,64.1,1103,4640,66.1,558.2,6.2,7,120000,76.03
01-12-1991,9.8,8.4975,108.3124,104.9,1061,4.900820428,255089,3747.447485,61.2,5233,633,6264.54,64.1,1079,4647,66,554.8,6.2,7.3,120000,75.844
01-01-1992,9.5,8.432,111.4657,106.1,1077,4.900820428,255331,4018.034107,61.5,5264.8,639,6363.102,64.1,1176,4667,66.3,551.4,5.2,7.3,119500,75.7
01-02-1992,9.8,8.7625,110.439,105.8,1146,4.900820428,255576,4189.427367,61.3,5303.2,630,6363.102,64.1,1250,4612,66.2,545.6,4.9,7.4,119500,75.655
01-03-1992,9.7,8.935,110.438,105.4,1082,4.900820428,255848,4329.329697,61.5,5323.8,656,6363.102,64.1,1297,4621,66.4,544.7,6.1,7.4,119500,75.814
01-04-1992,9.8,8.8525,113.3044,105.2,1054,4.900820428,256139,4119.788487,61.6,5357.4,650,6470.763,64.1,1099,4603,66.5,542.6,6.1,7.4,120000,76.08
01-05-1992,9.8,8.672,113.5843,105.5,1056,4.900820428,256437,4606.842686,61.5,5392.4,650,6470.763,64.1,1214,4605,66.6,542.6,6,7.6,120000,76.398
01-06-1992,10,8.51,112.737,105.4,1057,4.900820428,256742,4616.303887,61.5,5424,644,6470.763,64.1,1145,4584,66.7,542.7,5.6,7.8,120000,76.602
01-07-1992,9.5,8.128,112.1383,105,1089,4.900820428,257063,4911.310199,61.6,5437.1,629,6566.641,64.1,1139,4570,66.7,546.7,5.3,7.7,120000,76.711
01-08-1992,9.6,7.975,111.8263,105.1,1075,4.900820428,257390,4385.520715,61.6,5465.1,635,6566.641,64.1,1226,4581,66.6,553,5.2,7.6,120000,76.732
01-09-1992,8.6,7.9225,112.6484,104.8,1114,4.900820428,257704,4305.955352,61.4,5452.8,638,6566.641,64.1,1186,4584,66.5,556.9,5,7.6,120000,76.628
01-10-1992,7.9,8.088,114.3146,105.4,1132,4.900820428,258004,4380.833156,61.3,5444.9,643,6680.803,64.3,1244,4600,66.2,558,5.1,7.3,126000,76.598
01-11-1992,7.9,8.305,104.542,105.5,1118,4.900820428,258280,4782.4359,61.4,5467.4,641,6680.803,64.3,1214,4606,66.3,560,5.4,7.4,126000,76.579
01-12-1992,10.5,8.206,104.9759,105.4,1176,4.900820428,258546,4663.662156,61.4,5676.8,638,6680.803,64.3,1227,4630,66.3,560.2,5,7.4,126000,76.464
01-01-1993,8.5,7.9925,104.6167,106.2,1177,4.900820428,258799,4362.091949,61.4,5534.1,636,6729.459,63.9,1210,4664,66.2,563.4,5.4,7.3,125000,76.395
01-02-1993,8.8,7.6825,104.4493,106.8,1148,4.900820428,259036,4839.637216,61.4,5568,640,6729.459,63.9,1210,4714,66.2,568.1,5.3,7.1,125000,76.327
01-03-1993,8.8,7.495,102.9615,107,1056,4.900820428,259283,4221.997144,61.5,5565,633,6729.459,63.9,1083,4676,66.2,570.5,5.4,7,125000,76.382
01-04-1993,8.7,7.472,104.3104,111.2,1104,4.911183215,259547,4744.36988,61.5,5621.8,636,6808.939,64,1258,4690,66.1,575.2,4.7,7.1,127000,76.66
01-05-1993,8.2,7.465,107.9121,111.7,1112,4.928701911,259822,4249.950138,61.7,5637.9,648,6808.939,64,1260,4753,66.4,582.4,5.3,7.1,127000,77.03
01-06-1993,7.7,7.4175,108.1358,111.9,1130,4.928701911,260109,4635.236755,61.8,5632.9,654,6808.939,64,1280,4760,66.5,582.3,5.2,7,127000,77.516
01-07-1993,7.5,7.206,109.5383,111.6,1174,4.928701911,260411,4152.26049,61.8,5660.1,663,6882.098,64,1254,4783,66.4,582.9,5.3,6.9,127000,77.885
01-08-1993,7.6,7.1125,110.2556,112.6,1230,4.928701911,260717,4973.579496,62,5682,665,6882.098,64,1300,4806,66.4,582.8,5.5,6.8,127000,78.131
01-09-1993,6.8,6.915,109.121,112.7,1251,4.928701911,261015,4535.995406,61.7,5675.1,677,6882.098,64,1343,4823,66.2,586.3,4.9,6.7,127000,78.198
01-10-1993,6.2,6.834,109.8777,113.2,1287,4.928701911,261294,4887.39815,61.8,5669.1,687,7013.738,64.1,1392,4868,66.3,591.1,5,6.8,127000,78.172
01-11-1993,6.2,7.155,112.0146,113.4,1357,4.928701911,261550,4834.86577,61.9,5694.4,695,7013.738,64.1,1376,4887,66.3,599.3,4.8,6.6,127000,78.17
01-12-1993,9,7.172,112.6733,113.4,1461,4.928701911,261796,5093.72237,62,5893.8,703,7013.738,64.1,1533,4925,66.4,607.1,4.5,6.5,127000,78.113
01-01-1994,7,7.06,106.0954,113.9,1390,4.928701911,262021,4801.489402,62.2,5779,709,7115.652,64,1272,4940,66.6,614.1,5.9,6.6,130000,78.198
01-02-1994,6.4,7.1525,105.0822,114.5,1269,4.928701911,262237,5403.603814,62.3,5798,716,7115.652,64,1337,4923,66.6,609.4,5,6.6,130000,78.204
01-03-1994,6.7,7.675,116.9048,115.3,1342,4.92797806,262491,4940.032331,62.1,5829.4,732,7115.652,64,1564,4990,66.5,620.4,4.8,6.5,130000,78.349
01-04-1994,6.3,8.316,116.956,117.7,1392,4.92797806,262754,5505.993786,62.3,5890.5,740,7246.931,63.9,1465,5047,66.5,622.1,5.2,6.4,130000,78.701
01-05-1994,7.5,8.5975,119.7682,118.4,1396,4.92797806,263014,5780.703542,62.5,5911.1,749,7246.931,63.9,1526,5084,66.6,625.4,5.3,6.1,130000,79.208
01-06-1994,6.8,8.3975,118.8258,119.5,1357,4.95088529,263294,5320.971342,62.3,5917.5,757,7246.931,63.9,1409,5097,66.4,627.6,6.2,6.1,130000,79.701
01-07-1994,6.9,8.614,117.5506,119.6,1335,4.95088529,263580,5055.220559,62.3,5946.4,764,7331.075,63.9,1439,5125,66.4,630,6.3,6.1,129700,80.063
01-08-1994,6.4,8.5125,119.2109,120.7,1377,4.95088529,263871,5379.276376,62.6,5968.7,773,7331.075,63.9,1450,5139,66.6,631.9,6.1,6,129700,80.317
01-09-1994,6.7,8.64,121.4776,121,1412,4.95088529,264159,5701.970011,62.7,6001.5,774,7331.075,63.9,1474,5175,66.6,633.2,6,5.9,129700,80.34
01-10-1994,7,8.925,118.9145,121.5,1397,4.95088529,264430,5525.535742,62.9,6065.3,775,7455.288,64.1,1450,5177,66.7,634.5,5.6,5.8,132000,80.304
01-11-1994,6.9,9.17,123.8681,121.4,1340,4.95088529,264681,5462.070033,63,6075.4,785,7455.288,64.1,1511,5210,66.7,632.4,6.3,5.6,132000,80.17
01-12-1994,7,9.198,128.9246,121.3,1396,4.95088529,264924,5564.65696,63.1,6108.1,784,7455.288,64.1,1455,5226,66.7,633.1,6.6,5.5,132000,80.078
01-01-1995,7.3,9.1475,126.5968,122.5,1282,4.95088529,265157,5746.233719,63,6148.6,783,7522.289,64.4,1407,5234,66.8,633.2,6.8,5.6,130000,80.027
01-02-1995,7.7,8.8275,124.8849,123.2,1254,4.95088529,265383,5117.812647,63.1,6173.3,793,7522.289,64.4,1316,5192,66.8,630.1,7.3,5.4,130000,79.992
01-03-1995,7.4,8.462,127.4955,123.2,1226,4.95088529,265625,5697.055627,63.1,6200.3,771,7522.289,64.4,1249,5242,66.7,630.4,6.8,5.4,130000,80.078
01-04-1995,6.8,8.32,122.7703,128,1259,4.95088529,265877,5350.109567,63.1,6223.9,761,7580.997,64.7,1267,5252,66.9,629.5,6.7,5.8,133900,80.369
01-05-1995,7,7.955,119.6881,128.6,1271,4.95088529,266134,5272.471428,62.7,6238.3,758,7580.997,64.7,1314,5220,66.5,628,6.3,5.6,133900,80.691
01-06-1995,6.5,7.566,124.2416,128.5,1305,4.958639999,266414,4868.283651,62.7,6267.4,759,7580.997,64.7,1281,5250,66.5,626.1,5.8,5.6,133900,81.069
01-07-1995,6.9,7.6075,124.9272,128.8,1354,4.958639999,266700,5398.736747,62.8,6296.3,762,7683.125,64.8,1461,5262,66.6,626,5.6,5.7,132000,81.413
01-08-1995,6.6,7.86,125.634,128.8,1386,4.958639999,266998,4978.37528,62.8,6319,774,7683.125,64.8,1416,5286,66.6,627.5,6.1,5.7,132000,81.655
01-09-1995,6.6,7.636,126.1997,129,1421,4.958639999,267304,5045.60333,62.9,6347.7,780,7683.125,64.8,1369,5324,66.6,629.9,6.3,5.6,132000,81.739
01-10-1995,7,7.475,128.0076,128.8,1400,4.958639999,267585,5316.117758,62.9,6373.5,781,7772.586,65.1,1369,5353,66.6,634.2,6.3,5.5,138000,81.727
01-11-1995,6.4,7.3775,127.8461,128.8,1430,4.958639999,267829,5437.695352,62.8,6394,786,7772.586,65.1,1452,5358,66.5,637.5,6.8,5.6,138000,81.631
01-12-1995,6,7.2,126.2146,128.5,1442,4.958639999,268047,4668.402761,62.7,6417.8,799,7772.586,65.1,1431,5344,66.4,638.6,6.4,5.6,138000,81.514
01-01-1996,6.5,7.03,123.7242,128.5,1387,4.958639999,268258,5643.047836,62.7,6453.9,803,7868.468,65.3,1467,5355,66.4,642,6.4,5.6,137000,81.427
01-02-1996,6.6,7.075,124.1369,129.2,1420,4.958639999,268480,5228.890019,62.9,6517.8,793,7868.468,65.3,1491,5415,66.6,647,5.3,5.5,137000,81.399
01-03-1996,6.4,7.624,123.1088,129.2,1437,4.958639999,268724,5481.583885,63,6560.4,814,7868.468,65.3,1424,5446,66.6,650.1,6.2,5.5,137000,81.665
01-04-1996,5.5,7.925,130.1377,132.3,1463,4.958639999,268980,5277.317821,63,6597.3,827,8032.84,65.4,1516,5474,66.7,654.9,6,5.6,139900,82.125
01-05-1996,6.5,8.07,130.1725,133.7,1457,4.958639999,269247,5746.233719,63,6637.3,832,8032.84,65.4,1504,5498,66.7,658.7,5.9,5.6,139900,82.602
01-06-1996,6.9,8.32,129.1709,133.8,1429,4.958639999,269527,5815.210391,63.2,6681.3,826,8032.84,65.4,1467,5534,66.7,663.3,6,5.3,139900,83.049
01-07-1996,6.5,8.245,128.2446,133.9,1450,4.958639999,269822,5894.221473,63.3,6681.6,824,8131.408,65.4,1472,5557,66.9,664.6,5.7,5.5,140000,83.419
01-08-1996,6.4,8.002,130.1944,134.2,1413,4.958639999,270130,5968.467909,63.3,6709.4,820,8131.408,65.4,1557,5586,66.7,670.6,5,5.1,140000,83.645
01-09-1996,6.4,8.23,126.8553,135.1,1392,4.958639999,270433,5530.423177,63.4,6747.4,824,8131.408,65.4,1475,5610,66.9,674.4,5.2,5.2,140000,83.702
01-10-1996,6.1,7.915,128.816,135.2,1358,4.958639999,270730,5594.030405,63.5,6768.8,821,8259.771,65.4,1392,5643,67,676,5.6,5.2,144100,83.629
01-11-1996,6.2,7.618,126.1401,135.2,1412,4.958639999,271002,5697.055627,63.4,6802.4,829,8259.771,65.4,1489,5668,67,679.7,5.2,5.4,144100,83.557
01-12-1996,6.1,7.5975,124.1316,134.8,1411,4.958639999,271243,6062.752358,63.4,6836.6,814,8259.771,65.4,1370,5675,67,681.2,5,5.4,144100,83.491
01-01-1997,5.9,7.824,125.2006,135.2,1382,4.958639999,271472,5520.649086,63.4,6884.8,817,8362.655,65.5,1355,5675,67,684.6,4.7,5.3,145000,83.531
01-02-1997,6,7.65,132.4098,135.5,1445,4.958639999,271703,6352.193779,63.4,6920.9,810,8362.655,65.5,1486,5722,66.9,687.8,4.5,5.2,145000,83.597
01-03-1997,6.1,7.8975,137.0678,135.2,1436,4.958639999,271952,5854.691947,63.6,6960.8,808,8362.655,65.5,1457,5751,67.1,695.3,4.1,5.2,145000,83.912
01-04-1997,6.2,8.1425,136.4713,137.9,1421,4.958639999,272213,5820.142955,63.7,6972.8,810,8518.825,65.7,1492,5764,67.1,692.3,4.7,5.1,145800,84.321
01-05-1997,6.5,7.944,134.0933,138.2,1414,4.958639999,272482,5633.238197,63.8,7001.3,816,8518.825,65.7,1442,5793,67.1,690.8,4.6,4.9,145800,84.864
01-06-1997,6.3,7.69,135.5394,138.9,1402,4.958639999,272767,5219.214112,63.7,7035.8,826,8518.825,65.7,1494,5793,67.1,690.5,4.4,5,145800,85.398
01-07-1997,5.8,7.4975,138.2605,139.1,1440,4.958639999,273074,5209.541432,63.9,7071.7,836,8662.823,65.8,1437,5817,67.2,693.6,4.4,4.9,145000,85.841
01-08-1997,5.7,7.48,138.4137,139.5,1449,4.959342,273395,5301.561789,63.9,7119.4,836,8662.823,65.8,1390,5846,67.2,695.1,4.3,4.8,145000,86.151
01-09-1997,5.9,7.43,143.5012,139.2,1494,4.959342,273703,5839.880731,63.9,7158.1,846,8662.823,65.8,1546,5874,67.1,695.7,4.2,4.9,145000,86.311
01-10-1997,5.9,7.294,143.0334,139.5,1499,4.959342,273989,5613.628141,63.9,7205.1,858,8765.907,65.8,1520,5883,67.1,696.7,4.3,4.7,144200,86.408
01-11-1997,6.1,7.205,140.3559,139.2,1469,4.959342,274249,5731.472308,64.1,7257,865,8765.907,65.8,1510,5899,67.2,700,3.9,4.6,144200,86.632
01-12-1997,6.1,7.095,140.801,139.3,1456,4.959342,274499,5770.851237,64,7300,872,8765.907,65.8,1566,5938,67.2,703.4,4.4,4.7,144200,86.848
01-01-1998,7,6.994,143.4028,139.3,1555,4.959342,274732,5224.051662,64,7368.9,886,8866.48,66,1525,5983,67.1,704.1,4,4.6,152200,87.163
01-02-1998,7,7.0425,139.0929,139.6,1647,4.962145085,274943,5834.94516,64,7416.5,896,8866.48,66,1584,5997,67.1,704.2,3.9,4.6,152200,87.373
01-03-1998,7.1,7.1275,137.3363,139.8,1605,4.962145085,275175,6013.095813,64,7464,905,8866.48,66,1567,5969,67.1,708.3,4.1,4.7,152200,87.877
01-04-1998,6.9,7.14,138.0548,144,1547,4.962145085,275434,6117.459199,64.1,7501.7,906,8969.699,66.1,1540,6049,67,712.9,4,4.3,149500,88.558
01-05-1998,6.6,7.144,139.0633,144.3,1554,4.96284463,275700,5953.605253,64.1,7547,912,8969.699,66.1,1536,6087,67,718.5,3.9,4.4,149500,89.374
01-06-1998,6.5,6.9975,138.7419,145.5,1551,4.96284463,275976,5963.512949,64,7584.4,927,8969.699,66.1,1641,6130,67,725.9,3.8,4.5,149500,90.195
01-07-1998,6.6,6.952,141.7337,146.1,1610,4.96284463,276266,6387.28962,64,7616.9,938,9121.097,66.6,1698,6172,67,731.3,4,4.5,153000,90.859
01-08-1998,6.5,6.9225,139.1771,146.4,1654,4.96284463,276566,6232.130583,63.9,7656.2,941,9121.097,66.6,1614,6215,67,739.2,4.1,4.5,153000,91.407
01-09-1998,6.1,6.7225,141.3677,146.5,1577,4.96284463,276859,5889.277666,64.2,7678.1,952,9121.097,66.6,1582,6225,67.2,739.4,4.1,4.6,153000,91.751
01-10-1998,5.9,6.71,138.9738,146.4,1719,4.96284463,277140,5889.277666,64.1,7708.8,972,9293.991,66.5,1715,6262,67.2,745.3,4,4.5,153000,91.999
01-11-1998,6,6.865,143.228,146.5,1672,4.96284463,277402,6649.080948,64.2,7745.7,976,9293.991,66.5,1660,6301,67.1,748.7,3.5,4.4,153000,92.197
01-12-1998,5.5,6.738,149.91,146.5,1742,4.96284463,277658,5795.487666,64.3,7771.8,1003,9293.991,66.5,1792,6378,67.2,754.7,3.8,4.4,153000,92.443
01-01-1999,6.1,6.785,143.0987,147.4,1732,4.973279508,277891,6623.826763,64.4,7813.1,973,9411.682,66.7,1748,6357,67.2,764.5,3.9,4.3,157400,92.714
01-02-1999,6,6.8075,146.9786,147.5,1720,4.980176087,278095,5923.899973,64.2,7840.9,989,9411.682,66.7,1670,6429,67.2,773.9,4,4.4,157400,92.981
01-03-1999,5.6,7.04,140.1138,148,1665,4.980176087,278324,6999.33462,64.2,7855.9,994,9411.682,66.7,1710,6402,67,778,4.1,4.2,157400,93.611
01-04-1999,4.7,6.916,135.8202,149.1,1600,4.969118614,278584,6528.01913,64.2,7871.1,991,9526.21,66.7,1553,6480,67.1,783.6,3.9,4.3,158700,94.436
01-05-1999,4.4,7.145,133.8325,149.9,1640,4.968423445,278859,6745.204022,64.3,7894.2,989,9526.21,66.7,1611,6516,67.1,792.2,4,4.2,158700,95.36
01-06-1999,4.3,7.55,133.9478,149.9,1702,4.970507503,279148,6872.057918,64.2,7925.1,981,9526.21,66.7,1559,6547,67.1,798.5,3.9,4.3,158700,96.363
01-07-1999,4.4,7.632,131.7943,149.7,1682,4.970507503,279448,6613.729935,64.2,7965.8,983,9686.626,66.8,1669,6571,67.1,803.7,4,4.3,159100,97.192
01-08-1999,4.3,7.9425,133.2683,149.8,1671,4.970507503,279752,6442.510361,64.2,8016.9,989,9686.626,66.8,1648,6586,67,806.1,4,4.2,159100,97.897
01-09-1999,3.7,7.8225,131.4058,149.8,1551,4.970507503,280053,6846.653155,64.2,8041.2,983,9686.626,66.8,1635,6613,67,810,4.5,4.2,159100,98.399
01-10-1999,4,7.852,136.7582,149.5,1649,4.971201225,280337,6593.5446,64.3,8102.4,983,9900.169,66.9,1608,6640,67,811.5,4.2,4.1,165300,98.832
01-11-1999,4.1,7.7375,148.7383,149.4,1672,4.971201225,280594,6608.68256,64.4,8165.3,983,9900.169,66.9,1648,6687,67.1,819.6,4.3,4.1,165300,99.149
01-12-1999,3.7,7.912,148.3553,149,1683,4.971201225,280846,6928.007872,64.4,8251.2,983,9900.169,66.9,1708,6709,67.1,822.8,4.3,4,165300,99.543
01-01-2000,4.5,8.21,144.613,149.1,1727,4.971201225,281083,6497.816408,64.6,8348,991,10002.179,67.1,1636,6752,67.3,832.5,4.3,4,165300,100
01-02-2000,4,8.325,143.9732,148.3,1692,4.974662634,281299,7019.737796,64.6,8408.8,998,10002.179,67.1,1737,6730,67.3,834.3,4.3,4.1,165300,100.571
01-03-2000,3.8,8.24,151.6946,148.1,1651,4.974662634,281531,7157.737527,64.6,8468.3,988,10002.179,67.1,1604,6811,67.3,843.2,4.3,4,165300,101.466
01-04-2000,4.3,8.1525,142.1024,148.6,1597,4.974662634,281763,6679.408767,64.7,8506.8,989,10247.72,67.3,1626,6794,67.3,834,4.4,3.8,163200,102.541
01-05-2000,4.3,8.515,143.7562,149.1,1543,5.011967739,281996,7045.25678,64.4,8544.5,985,10247.72,67.3,1575,6770,67.1,827.9,4.4,4,163200,103.702
01-06-2000,4.3,8.288,140.99,149.3,1572,4.978800571,282247,6277.105945,64.5,8597.8,982,10247.72,67.3,1559,6778,67.1,826.7,4.8,4,163200,104.855
01-07-2000,4.7,8.1475,140.54,149.3,1542,4.978800571,282504,6102.530385,64.2,8665.3,979,10318.165,67.5,1463,6794,66.9,828.9,4.1,4,168800,105.722
01-08-2000,4.8,8.0275,144,148.8,1552,4.978800571,282769,6492.785072,64.2,8712.2,976,10318.165,67.5,1541,6796,66.9,822.2,4.4,4.1,168800,106.522
01-09-2000,4.1,7.912,142.1897,148.6,1570,4.978800571,283033,6267.106393,64.2,8757.7,970,10318.165,67.5,1507,6807,66.9,818.2,4,3.9,168800,107.135
01-10-2000,4.3,7.795,143.4779,148.4,1577,4.978800571,283285,6192.201446,64.2,8792.1,972,10435.744,67.5,1549,6814,66.8,813.2,4,3.9,172900,107.728
01-11-2000,4.3,7.745,137.4387,148.6,1614,4.978800571,283523,6322.139369,64.3,8809.9,970,10435.744,67.5,1551,6817,66.9,805.8,4.2,3.9,172900,108.291
01-12-2000,4.1,7.382,130.5541,147.5,1543,4.978112102,283748,6232.130583,64.4,8844,969,10435.744,67.5,1532,6792,67,797.2,3.6,3.9,172900,108.791
01-01-2001,4.5,7.0325,139.6751,148.3,1699,4.978112102,283960,5909.05737,64.4,8940.9,986,10470.231,67.6,1600,6824,67.2,782.8,3.8,4.2,169800,109.214
01-02-2001,4.6,7.05,143.9848,148,1656,4.978112102,284166,6307.121793,64.3,8975.8,987,10470.231,67.6,1625,6841,67.1,781.8,3.7,4.2,169800,109.642
01-03-2001,4.9,6.952,147.6021,147.4,1659,4.978112102,284380,5978.380049,64.3,9009.4,1001,10470.231,67.6,1590,6862,67.2,775.5,3.8,4.3,169800,110.394
01-04-2001,4.8,7.0775,152.7133,148.9,1666,5.003946306,284602,6497.816408,64,9008.9,1007,10599,67.8,1649,6844,66.9,772.8,3.9,4.4,179000,111.248
01-05-2001,4.3,7.145,149.6911,148.8,1665,5.012633297,284834,6112.482199,63.8,9011.1,1015,10599,67.8,1605,6849,66.7,775,4,4.3,179000,112.203
01-06-2001,4.2,7.16,147.0751,148.6,1626,5.012633297,285076,6902.565955,63.7,9017.1,1013,10599,67.8,1636,6840,66.7,779.6,4.2,4.5,179000,113.272
01-07-2001,5.4,7.1275,147.7865,149.1,1598,5.012633297,285324,6538.092301,63.7,9014.6,1017,10598.02,67.9,1670,6845,66.8,781.6,4.2,4.6,172500,114.226
01-08-2001,6.5,6.95,145.3626,149.1,1615,5.012633297,285584,6704.700896,63.2,9001.4,1011,10598.02,67.9,1567,6827,66.5,781.8,4.4,4.9,172500,114.987
01-09-2001,6.9,6.8175,143.2876,149.1,1565,5.012633297,285842,6382.273799,63.5,8975.3,1014,10598.02,67.9,1562,6813,66.8,782.9,4.4,5,172500,115.465
01-10-2001,2.9,6.6175,146.5655,149.4,1566,5.012633297,286086,6623.826763,63.2,8987.3,1008,10660.465,67.9,1540,6804,66.7,785.9,4.3,5.3,171100,115.681
01-11-2001,3.4,6.658,151.3362,149.1,1651,5.012633297,286315,6402.341335,63,8985.1,1011,10660.465,67.9,1602,6784,66.7,787.2,4.1,5.5,171100,115.839
01-12-2001,3.7,7.065,149.4688,149,1680,5.012633297,286533,7101.457078,62.9,8990.7,996,10660.465,67.9,1568,6785,66.7,789.2,3.8,5.7,171100,116.056
01-01-2002,5.6,6.9975,154.1368,148.8,1665,5.012633297,286739,6790.822401,62.7,9015.6,996,10783.5,67.9,1698,6775,66.5,785.8,4.2,5.7,188700,116.437
01-02-2002,5.4,6.8925,153.3106,148.4,1787,5.012633297,286935,6989.137041,63,9031.9,1005,10783.5,67.9,1829,6766,66.8,794.9,4,5.7,188700,116.917
01-03-2002,5.5,7.014,144.7966,147.9,1691,5.007965066,287131,6422.420197,62.8,9050.7,1013,10783.5,67.9,1642,6755,66.6,798.8,4.1,5.7,188700,117.929
01-04-2002,5.4,6.985,142.7707,151.8,1669,5.017941869,287343,6755.336656,62.7,9099.9,1011,10887.46,67.8,1592,6710,66.7,796.8,4.3,5.9,187200,119.209
01-05-2002,6.1,6.806,141.9094,152.2,1716,5.017941869,287571,7162.857892,62.9,9131,1019,10887.46,67.8,1764,6684,66.7,799.3,4,5.8,187200,120.788
01-06-2002,6.1,6.65,144.8674,151.9,1758,5.020585625,287808,6573.370379,62.7,9164.8,1023,10887.46,67.8,1717,6701,66.6,798.7,4.2,5.8,187200,122.333
01-07-2002,5.3,6.485,143.1601,151.9,1738,5.020585625,288051,6704.700896,62.7,9157.5,1029,10984.04,67.9,1655,6688,66.5,800.8,4.2,5.8,178100,123.687
01-08-2002,5.2,6.29,142.5233,152.7,1695,5.020585625,288303,7250.004641,62.7,9175.3,1013,10984.04,67.9,1633,6701,66.6,807.1,4,5.7,178100,124.729
01-09-2002,5.8,6.0925,144.0017,152.6,1803,5.020585625,288554,6836.495993,63,9197.1,1024,10984.04,67.9,1804,6702,66.7,809.4,3.9,5.7,178100,125.494
01-10-2002,5.6,6.1125,140.5239,152.6,1799,5.020585625,288794,6633.926362,62.7,9229.6,1026,11061.433,68.2,1648,6689,66.6,810.5,4,5.7,190100,126.137
01-11-2002,5.6,6.068,141.7779,152,1771,5.020585625,289012,7229.482474,62.5,9258.8,1031,11061.433,68.2,1753,6713,66.4,826.7,4,5.9,190100,126.643
01-12-2002,5.3,6.0475,136.1994,151,1896,5.020585625,289214,6989.137041,62.4,9288.3,1033,11061.433,68.2,1788,6700,66.3,816.8,4,6,190100,127.151
01-01-2003,5.3,5.916,145.7576,151,1808,5.020585625,289412,6902.565955,62.5,9290.1,1049,11174.129,68.1,1853,6704,66.4,817.8,4,5.8,186000,127.652
01-02-2003,5.2,5.8425,130.6707,151.1,1854,5.033048889,289606,7075.901527,62.5,9296.2,1044,11174.129,68.1,1629,6667,66.4,817.7,4.5,5.9,186000,128.326
01-03-2003,4.9,5.745,139.9231,151.1,1757,5.041487758,289809,6821.265342,62.4,9333.8,1044,11174.129,68.1,1726,6654,66.3,821.1,4.1,5.9,186000,129.308
01-04-2003,5,5.8125,143.4302,150.7,1803,5.046002438,290024,6943.281101,62.4,9356.4,1043,11312.766,68.2,1643,6689,66.4,828.9,4.1,6,191800,130.488
01-05-2003,5.3,5.484,143.716,151.1,1835,5.046002438,290250,7306.494473,62.3,9414.4,1047,11312.766,68.2,1751,6706,66.4,829,3.9,6.1,191800,131.839
01-06-2003,5.1,5.23,146.5043,151.2,1875,5.046002438,290484,6836.495993,62.3,9455.3,1064,11312.766,68.2,1867,6723,66.5,836.9,3.5,6.3,191800,133.225
01-07-2003,5.9,5.6325,151.803,151,1885,5.046002438,290726,7035.047187,62.1,9491.6,1078,11566.669,68.3,1897,6735,66.2,836.7,3.6,6.2,191900,134.647
01-08-2003,5.7,6.264,152.498,150.6,1966,5.046002438,290974,6477.695278,62.1,9538.8,1102,11566.669,68.3,1833,6760,66.1,840.2,3.5,6.1,191900,135.966
01-09-2003,4.9,6.1475,154.9852,150.2,1961,5.046002438,291222,7234.612034,62,9582.5,1121,11566.669,68.3,1939,6783,66.1,850.2,3.8,6.1,191900,137.076
01-10-2003,5,5.952,162.1132,149.6,2012,5.046002438,291463,7280.807497,62.1,9620.4,1135,11772.234,68.5,1967,6784,66.1,854.6,3.8,6,198800,137.975
01-11-2003,5,5.9325,156.7902,149.5,1918,5.046002438,291677,7096.344642,62.3,9688.2,1158,11772.234,68.5,2083,6796,66.1,858.5,4.1,5.8,198800,138.765
01-12-2003,5,5.876,160.271,149.4,1987,5.046002438,291868,7219.225318,62.2,9713.2,1183,11772.234,68.5,2057,6827,65.9,863.3,4,5.7,198800,139.627
01-01-2004,4.6,5.7125,152.7907,149.4,1952,5.046002438,292046,7183.345936,62.3,9731.8,1191,11923.447,68.7,1911,6848,66.1,866.4,3.8,5.7,212700,140.705
01-02-2004,4.6,5.635,149.9506,149.5,1966,5.046002438,292230,7229.482474,62.3,9765.4,1197,11923.447,68.7,1846,6838,66,867.3,3.7,5.6,212700,142.029
01-03-2004,4.5,5.445,169.2419,150.2,2066,5.046002438,292434,7621.174103,62.2,9815.8,1219,11923.447,68.7,1998,6887,66,875.7,3.6,5.8,212700,144.08
01-04-2004,4.9,5.83,170.912,152.1,2070,5.053694784,292651,8373.261968,62.3,9865.8,1222,12112.815,69.4,2003,6901,65.9,876.2,4,5.6,217600,146.18
01-05-2004,4.8,6.27,166.8739,153.6,2150,5.053694784,292872,8136.871733,62.3,9950,1233,12112.815,69.4,1981,6948,66,890.8,3.8,5.6,217600,148.335
01-06-2004,5.4,6.2875,161.1205,153.9,2020,5.053694784,293103,7948.643716,62.4,9988.4,1229,12112.815,69.4,1828,6962,66.1,891.3,3.9,5.6,217600,150.518
01-07-2004,4.7,6.056,165.4313,154.4,2112,5.053694784,293350,8074.04105,62.5,10033,1247,12305.307,68.9,2002,6977,66.1,898.6,4.5,5.5,213500,152.337
01-08-2004,4.7,5.8675,165.3898,157.7,2056,5.053694784,293603,8231.281553,62.4,10078.2,1238,12305.307,68.9,2024,7003,66,903.4,4.3,5.4,213500,153.814
01-09-2004,4.1,5.754,164.6773,160.4,2041,5.053694784,293857,7631.531702,62.3,10110.5,1247,12305.307,68.9,1905,7029,65.8,910.4,4.1,5.4,213500,155.108
01-10-2004,3.9,5.7225,159.7799,160.4,2097,5.053694784,294104,7854.828488,62.3,10159.3,1264,12527.214,69.1,2072,7077,65.9,918.3,3.9,5.5,228800,156.298
01-11-2004,3.4,5.73,155.9717,161.4,2079,5.053694784,294337,7435.172547,62.5,10171.5,1268,12527.214,69.1,1782,7091,66,923.5,4.3,5.4,228800,157.496
01-12-2004,6.2,5.752,165.2899,161.5,2082,5.053694784,294561,8283.81592,62.4,10520.8,1280,12527.214,69.1,2042,7117,65.9,927.4,4.1,5.4,228800,158.67
01-01-2005,2.7,5.71,162.337,166.8,2139,5.056245805,294768,8131.632497,62.4,10247,1302,12767.286,69.2,2144,7095,65.8,932.1,4.4,5.3,232500,160.13
01-02-2005,2.3,5.6275,166.6182,168.8,2114,5.091293197,294955,8215.532983,62.4,10282.7,1322,12767.286,69.2,2207,7153,65.9,938,4.3,5.4,232500,161.924
01-03-2005,2.5,5.928,164.584,169,2062,5.076423035,295149,7584.942467,62.4,10347.9,1311,12767.286,69.2,1864,7181,65.9,942.5,4.1,5.2,232500,164.576
01-04-2005,2.1,5.855,160.4395,171.8,2150,5.101085197,295359,8315.365367,62.7,10412.1,1324,12922.656,68.7,2061,7266,66.1,947.9,4.3,5.2,233700,166.999
01-05-2005,2.6,5.72,164.6264,172.2,2085,5.101085197,295582,9250.194258,62.8,10464.1,1322,12922.656,68.7,2025,7294,66.1,953,4.2,5.1,233700,169.544
01-06-2005,2,5.582,164.5805,172.5,2178,5.101085197,295824,8515.676963,62.7,10498,1329,12922.656,68.7,2068,7333,66.1,958.8,4.3,5,233700,172.015
01-07-2005,1.4,5.695,157.5149,179,2203,5.101085197,296077,8100.209848,62.8,10558.3,1338,13142.642,68.7,2054,7353,66.1,964.7,4.2,5,236400,174.098
01-08-2005,2,5.82,158.9917,179.2,2219,5.101085197,296338,8447.052829,62.9,10619.6,1356,13142.642,68.7,2095,7394,66.2,964.8,4.5,4.9,236400,175.923
01-09-2005,2,5.774,160.2513,180.2,2263,5.101085197,296606,8289.072662,62.8,10687.7,1377,13142.642,68.7,2151,7415,66.1,967.6,4.7,5,236400,177.611
01-10-2005,2.3,6.065,161.7801,180.3,2170,5.101085197,296857,8499.83176,62.8,10767.3,1376,13324.204,68.9,2065,7460,66.1,972.8,4.5,5,243600,178.752
01-11-2005,2.6,6.33,166.926,180.6,2218,5.101085197,297089,8210.284667,62.7,10815.4,1395,13324.204,68.9,2147,7524,66,985.7,5,5,243600,179.673
01-12-2005,2.5,6.272,170.1105,181.3,2120,5.101694025,297311,8389.064482,62.8,10853.1,1405,13324.204,68.9,1994,7533,66,995.7,4.9,4.9,243600,180.107
01-01-2006,3,6.145,192.0322,191,2212,5.126342102,297526,8892.215571,62.9,11038.6,1424,13599.16,68.6,2273,7601,66,1008.1,5.3,4.7,247700,180.828
01-02-2006,3.2,6.2525,186.9827,191.5,2141,5.135210029,297734,8956.143746,63,11102.6,1423,13599.16,68.6,2119,7664,66.1,1012.7,6.1,4.8,247700,181.5
01-03-2006,3.3,6.324,174.864,195.3,2118,5.135210029,297950,10017.1211,63.1,11171.8,1423,13599.16,68.6,1969,7689,66.2,1017.8,5.9,4.7,247700,182.749
01-04-2006,3.1,6.5075,165.8735,196.7,1998,5.138148614,298170,9078.902254,63,11229.5,1401,13753.424,68.8,1821,7726,66.1,1022,6.3,4.7,246300,183.648
01-05-2006,2.9,6.5975,160.6514,197.6,1905,5.138148614,298401,8157.834744,63.1,11251.1,1409,13753.424,68.8,1942,7713,66.1,1016.6,6.2,4.6,246300,184.38
01-06-2006,2.9,6.682,161.3281,197.8,1867,5.138148614,298653,8966.806446,63.1,11292.8,1383,13753.424,68.8,1802,7699,66.2,1007.8,6.3,4.6,246300,184.547
01-07-2006,2.3,6.7625,152.8727,199.4,1763,5.138148614,298910,8352.200296,63,11322.1,1363,13870.188,68.9,1737,7712,66.1,1007.3,7.3,4.7,235600,184.608
01-08-2006,2.5,6.524,153.7995,200,1722,5.138148614,299178,8053.116993,63.1,11346.8,1339,13870.188,68.9,1650,7720,66.2,1009.2,6.7,4.7,235600,184.405
01-09-2006,2.4,6.4025,149.9671,201,1655,5.138148614,299452,8759.297612,63.1,11383.9,1317,13870.188,68.9,1720,7718,66.1,1011.6,6.7,4.5,235600,184.198
01-10-2006,2.4,6.3575,151.0867,201,1570,5.138148614,299710,8268.049296,63.3,11417.8,1283,14039.56,68.8,1491,7682,66.2,1005.8,7.3,4.4,245400,184.054
01-11-2006,2.7,6.24,153.3176,200.9,1535,5.138148614,299950,8136.871733,63.3,11479.3,1265,14039.56,68.8,1570,7666,66.3,996,6.6,4.5,245400,183.631
01-12-2006,2.6,6.135,167.7527,200.8,1638,5.138148614,300178,8110.681632,63.4,11587.6,1247,14039.56,68.8,1649,7685,66.4,989.5,6.5,4.4,245400,183.229
01-01-2007,2.4,6.2175,159.9997,206.3,1626,5.161351511,300398,7766.409942,63.3,11647.1,1217,14215.651,68.5,1409,7725,66.4,982.5,7.2,4.6,257400,182.718
01-02-2007,2.8,6.285,153.1247,204.3,1598,5.162497643,300608,6831.41843,63.3,11734.2,1206,14215.651,68.5,1480,7626,66.3,977.3,7.9,4.5,257400,182.471
01-03-2007,3,6.156,154.2676,205.1,1596,5.174453379,300823,6745.204022,63.3,11821.4,1192,14215.651,68.5,1495,7706,66.2,973.2,7.9,4.4,257400,182.194
01-04-2007,3,6.18,152.5383,210,1470,5.244389025,301045,6322.139369,63,11868.1,1181,14402.082,68.3,1490,7686,65.9,966.8,7.4,4.5,242200,182.131
01-05-2007,2.8,6.262,154.5282,209.3,1493,5.244389025,301278,6307.121793,63,11908.7,1164,14402.082,68.3,1415,7673,66,965.1,7.8,4.4,242200,181.884
01-06-2007,2.7,6.6575,149.986,208.3,1407,5.244389025,301528,6032.949611,63,11929.2,1161,14402.082,68.3,1448,7687,66,964,8.2,4.6,242200,181.54
01-07-2007,2.6,6.695,150.4928,208.8,1361,5.244389025,301790,6297.113648,62.9,11955.7,1144,14564.117,68,1354,7660,66,954.4,8.3,4.7,241800,180.993
01-08-2007,2.2,6.572,149.1233,208.3,1321,5.244389025,302064,6187.213554,62.7,11963.1,1123,14564.117,68,1330,7610,65.8,942.1,9.2,4.6,241800,180.234
01-09-2007,2.3,6.3825,149.8047,210.7,1261,5.244389025,302334,5418.209748,62.9,12025.5,1108,14564.117,68,1183,7577,66,936.5,9.2,4.7,241800,179.122
01-10-2007,2.2,6.375,147.7916,210.2,1192,5.24491659,302590,5657.768049,62.7,12046.8,1096,14715.058,67.8,1264,7565,65.8,921.6,8.5,4.7,238400,177.53
01-11-2007,1.9,6.208,151.5488,210.1,1224,5.24491659,302834,5584.236165,62.9,12102.8,1080,14715.058,67.8,1197,7523,66,895,9.4,4.7,238400,175.162
01-12-2007,2.4,6.095,145.0394,209.1,1149,5.24491659,303062,5282.165014,62.7,12182.7,1059,14715.058,67.8,1037,7490,66,896.4,9.6,5,238400,173.338
01-01-2008,2.6,5.758,148.6468,208.5,1094,5.247024072,303280,5296.711396,62.9,12227.8,1041,14706.538,67.9,1084,7476,66.2,886.6,9.3,5,233900,171.077
01-02-2008,3,5.9175,145.2225,208.9,1014,5.247024072,303494,5021.574692,62.8,12264.9,1025,14706.538,67.9,1103,7453,66,874.5,9.7,4.9,233900,169.191
01-03-2008,2.9,5.97,141.695,208.9,967,5.247024072,303707,4644.708414,62.7,12314.7,1014,14706.538,67.9,1005,7406,66.1,867.3,10.25,5.1,233900,167.904
01-04-2008,2.4,5.9175,141.7131,210.4,1008,5.247024072,303926,3838.790608,62.7,12302.6,1009,14865.701,68.1,1013,7327,65.9,854.6,10.25,5,235300,167.324
01-05-2008,6.8,6.036,137.6036,207.7,995,5.243333058,304157,4394.898539,62.5,12879.3,991,14865.701,68.1,973,7274,66.1,840.8,10.25,5.4,235300,167.021
01-06-2008,4.6,6.32,134.7346,204.1,1180,5.243333058,304396,4394.898539,62.4,12661,975,14865.701,68.1,1046,7213,66.1,824.8,10.25,5.6,235300,166.537
01-07-2008,3.6,6.426,135.0042,207.9,921,5.245443877,304646,4138.338301,62.2,12514.8,955,14898.999,67.7,923,7160,66.1,812.7,10.25,5.8,226500,165.713
01-08-2008,3.1,6.4775,126.4443,207.9,858,5.25593165,304903,3815.917768,62,12426,936,14898.999,67.7,844,7114,66.1,800.3,10.25,6.1,226500,164.277
01-09-2008,3.9,6.0375,122.5937,207.5,797,5.258536497,305158,4479.460452,61.9,12445,904,14898.999,67.7,820,7044,66,782.5,10.25,6.1,226500,161.912
01-10-2008,4.9,6.2,118.4615,207.8,736,5.288771954,305403,3990.362711,61.7,12446.5,876,14608.209,67.5,777,6967,66,766.4,10.25,6.5,222500,159.163
01-11-2008,6,6.0875,110.4791,207.3,626,5.288771954,305620,4087.362474,61.4,12387.1,842,14608.209,67.5,652,6813,65.9,747.5,10.25,6.8,222500,156.072
01-12-2008,5.8,5.286,103.7368,206.9,554,5.288771954,305827,3834.214073,61,12238.5,806,14608.209,67.5,560,6701,65.8,732.4,10.25,7.3,222500,152.545
01-01-2009,5.9,5.0475,95.2495,211.1,545,5.288771954,306035,2748.952699,60.6,12125.6,783,14430.902,67.4,490,6567,65.7,712.1,10.25,7.8,208400,149.363
01-02-2009,5.4,5.13,97.6872,207.2,558,5.288771954,306237,2931.035291,60.3,12007.4,756,14430.902,67.4,582,6446,65.8,688.8,10.25,8.3,208400,147.618
01-03-2009,5.8,5.0025,86.881,205.1,513,5.288771954,306438,3018.470038,59.9,11965.3,717,14430.902,67.4,505,6291,65.6,667.1,10.25,8.7,208400,146.515
01-04-2009,6.5,4.81,81.9703,209.5,521,5.288771954,306645,3049.180866,59.8,12009.4,677,14381.236,67.4,478,6154,65.7,655.8,10.25,9,220900,146.943
01-05-2009,7.8,4.8575,78.8737,207.6,556,5.288267031,306863,2926.675734,59.6,12179.6,650,14381.236,67.4,540,6100,65.7,643.9,9.3,9.4,220900,148.169
01-06-2009,6.1,5.42,78.7749,204.9,601,5.288267031,307090,2835.3966,59.4,12042.9,627,14381.236,67.4,585,6010,65.7,634.9,8.5,9.5,220900,149.797
01-07-2009,5.4,5.222,79.6953,203.1,595,5.288267031,307322,2835.3966,59.3,11998.4,611,14448.882,67.4,594,5932,65.5,629.1,7.9,9.5,214300,150.749
01-08-2009,4.4,5.1925,77.1998,202.1,616,5.288267031,307570,2813.740555,59.1,12011.2,588,14448.882,67.4,586,5855,65.4,620.8,7.5,9.6,214300,150.669
01-09-2009,5.5,5.0575,76.367,201.9,609,5.288267031,307826,2509.529548,58.7,12061.1,576,14448.882,67.4,585,5787,65.1,612.8,7.8,9.6,214300,149.628
01-10-2009,5.1,4.952,67.7512,200.6,583,5.288267031,308071,2615.929475,58.5,12069.4,554,14651.249,67.2,534,5716,65,606.4,7.4,9.6,219000,148.585
01-11-2009,5.5,4.875,74.3749,199.9,623,5.288267031,308289,3040.400639,58.6,12129.6,532,14651.249,67.2,588,5696,65,602.3,7.6,9.6,219000,147.939
01-12-2009,5.4,4.93,69.8002,198.5,664,5.288267031,308495,2633.026798,58.3,12188.2,517,14651.249,67.2,581,5654,64.6,596.2,8,9.6,219000,146.664
01-01-2010,5.6,5.03,68.4778,198.4,636,5.285738584,308706,2374.516286,58.5,12267.7,501,14764.61,67.2,614,5580,64.8,583.1,8.1,9.6,222900,145.003
01-02-2010,5.3,4.99,66.3508,197.9,650,5.285738584,308904,2294.996062,58.5,12267.6,493,14764.61,67.2,604,5500,64.9,578.3,8.3,9.6,222900,143.053
01-03-2010,5.3,4.9675,74.3844,196.3,687,5.285738584,309095,2149.80941,58.5,12330.9,492,14764.61,67.2,636,5537,64.9,580.3,7.1,9.6,222900,143.597
01-04-2010,6,5.098,83.5931,194.6,637,5.283203729,309289,2577.534047,58.7,12441.8,488,14980.193,66.9,687,5553,65.2,579.8,6.2,9.6,219500,145.404
01-05-2010,6.4,4.8875,81.0539,193.3,575,5.283203729,309485,2429.20325,58.6,12543.7,476,14980.193,66.9,583,5520,64.9,578.1,9.3,9.6,219500,147.04
01-06-2010,6.2,4.7375,79.9611,192.3,587,5.283203729,309691,3261.25292,58.5,12550.7,447,14980.193,66.9,536,5516,64.6,577.2,8.3,9.4,219500,147.706
01-07-2010,6.1,4.564,78.0626,191.7,579,5.283203729,309913,1892.920459,58.5,12588.7,443,15141.607,66.7,546,5508,64.6,570.2,8.9,9.4,224100,147.566
01-08-2010,6.2,4.4275,80.8866,191.5,580,5.283203729,310146,1973.832493,58.6,12652.9,444,15141.607,66.7,599,5524,64.7,568.7,8.8,9.5,224100,146.431
01-09-2010,6.1,4.346,80.733,190.8,563,5.283203729,310385,2137.444914,58.5,12673.4,439,15141.607,66.7,594,5501,64.6,568,7.6,9.5,224100,144.612
01-10-2010,5.9,4.225,82.9329,190,558,5.283203729,310612,2026.748711,58.3,12723.6,436,15309.474,66.5,543,5508,64.4,563.3,8.2,9.4,224300,143.133
01-11-2010,5.8,4.3,82.6805,188.5,560,5.283203729,310820,1812.625992,58.2,12765.5,431,15309.474,66.5,545,5506,64.6,560.8,8.2,9.6,224300,141.823
01-12-2010,6.2,4.714,80.3226,187.9,632,5.283203729,311020,1864.746282,58.3,12873.1,427,15309.474,66.5,539,5467,64.3,559.7,7,9.3,224300,140.632
01-01-2011,6.6,4.755,79.0521,185.8,576,5.283203729,311204,1685.483171,58.3,13080.7,431,15351.448,66.5,630,5427,64.2,556.9,7.3,9.1,226900,139.04
01-02-2011,6.9,4.9525,82.803,185.4,542,5.283203729,311373,2067.623655,58.4,13155.6,424,15351.448,66.5,517,5451,64.1,559,8.1,9,226900,137.735
01-03-2011,6.3,4.836,80.3605,186.5,583,5.283203729,311551,1969.77248,58.4,13178.2,420,15351.448,66.5,600,5477,64.2,562.4,7.2,9,226900,137.788
01-04-2011,6.3,4.84,80.2154,189,581,5.283203729,311740,1800.636146,58.4,13212.8,417,15557.539,66,554,5485,64.2,563.5,6.7,9.1,228100,139.16
01-05-2011,6.3,4.6375,83.0405,188,618,5.297316866,311935,1800.636146,58.3,13239.1,415,15557.539,66,561,5516,64.1,560.1,6.6,9,228100,140.694
01-06-2011,6.5,4.51,85.5086,186.9,636,5.297316866,312147,1921.17028,58.2,13295.7,416,15557.539,66,608,5528,64,567.5,6.6,9.1,228100,141.946
01-07-2011,6.7,4.545,86.6224,188.6,621,5.297316866,312372,2145.686486,58.2,13375.8,417,15647.68,66.1,623,5547,64,565.1,6.7,9,223500,142.343
01-08-2011,6.7,4.27,88.4423,187.8,647,5.297316866,312605,2063.529564,58.3,13400.3,414,15647.68,66.1,585,5552,64.1,564.4,6.5,9,223500,141.787
01-09-2011,6.4,4.106,87.5078,189.3,610,5.297316866,312842,2018.591394,58.4,13401.5,417,15647.68,66.1,650,5584,64.2,565.6,6.3,9,223500,140.169
01-10-2011,6.3,4.0675,88.3034,180.8,671,5.300315369,313060,1868.766505,58.4,13406.4,422,15842.259,65.9,610,5588,64.1,571.7,6,8.8,221100,138.411
01-11-2011,6.4,3.9925,87.7571,181.9,706,5.300315369,313260,1945.444075,58.6,13419.7,433,15842.259,65.9,711,5593,64.1,571.9,5.7,8.6,221100,136.667
01-12-2011,7.2,3.958,92.3676,182.5,697,5.299816243,313454,2047.16783,58.6,13548.9,434,15842.259,65.9,694,5611,64,575,5.3,8.5,221100,135.168
01-01-2012,7.4,3.915,95.8403,185.4,712,5.299816243,313636,1784.67201,58.4,13631.6,441,16068.805,65.6,723,5626,63.7,575.2,5.3,8.3,238400,134.168
01-02-2012,7.3,3.89,95.3474,185.8,738,5.299816243,313811,1848.680993,58.5,13731.1,450,16068.805,65.6,704,5629,63.8,576.8,4.8,8.3,238400,133.997
01-03-2012,7.6,3.954,93.6095,185.2,806,5.299816243,313993,1933.300324,58.5,13798.5,458,16068.805,65.6,695,5625,63.8,573,4.9,8.2,238400,135.865
01-04-2012,7.9,3.91,94.8689,187.2,732,5.299816243,314176,2299.169148,58.4,13868.1,463,16207.115,65.6,753,5618,63.7,572,4.9,8.2,238700,138.471
01-05-2012,7.9,3.798,92.7701,188.7,796,5.307277108,314368,2112.754533,58.5,13850.3,474,16207.115,65.6,708,5604,63.7,574,4.7,8.2,238700,141.048
01-06-2012,7.9,3.675,91.4465,188.8,794,5.306781445,314576,2108.644495,58.6,13837.1,486,16207.115,65.6,757,5621,63.8,576.2,4.8,8.2,238700,143.169
01-07-2012,7,3.55,90.0581,188.3,849,5.306781445,314796,2320.054996,58.5,13752.9,490,16319.541,65.4,740,5632,63.7,583.4,4.6,8.2,248800,144.282
01-08-2012,6.7,3.602,90.1465,189,840,5.306781445,315031,2353.542747,58.4,13768.5,495,16319.541,65.4,754,5648,63.5,584.8,4.6,8.1,248800,144.705
01-09-2012,7.2,3.4975,89.7802,189.1,930,5.306781445,315264,2220.115427,58.7,13914.1,511,16319.541,65.4,847,5661,63.6,586.5,4.5,7.8,248800,144.358
01-10-2012,7.8,3.3825,91.4772,188.8,887,5.306781445,315485,2547.741841,58.8,14049.2,520,16420.419,65.3,915,5674,63.8,582.7,4.9,7.8,251700,143.968
01-11-2012,8.7,3.352,95.9137,189.1,917,5.306781445,315692,2286.653984,58.7,14230.7,534,16420.419,65.3,833,5684,63.6,590.9,4.6,7.7,251700,143.961
01-12-2012,10.9,3.345,96.1474,188.3,941,5.306781445,315877,2324.236238,58.7,14581.4,551,16420.419,65.3,976,5724,63.7,594.7,4.5,7.9,251700,143.869
01-01-2013,4.9,3.414,98.907,194.7,940,5.310245937,316038,2479.881002,58.6,13880.4,559,16648.189,65.2,888,5746,63.7,595.6,4,8,258400,144.313
01-02-2013,4.7,3.5325,100.6487,194.4,980,5.310245937,316191,2543.490907,58.6,13902,581,16648.189,65.2,962,5784,63.4,597.9,4.1,7.7,258400,145.163
01-03-2013,4.8,3.565,100.5747,194.6,936,5.310245937,316357,2917.960125,58.5,13932.2,596,16648.189,65.2,1010,5802,63.3,601.9,4.2,7.5,258400,147.962
01-04-2013,5.1,3.445,95.5687,196.2,1012,5.322033893,316535,2471.421657,58.6,13974.9,606,16728.687,65.1,835,5796,63.4,607.6,4.4,7.6,268100,150.969
01-05-2013,5.3,3.536,99.5607,197.5,1003,5.322033893,316729,2454.518595,58.6,14052.5,620,16728.687,65.1,930,5829,63.4,610.4,4.6,7.5,268100,153.86
01-06-2013,5.4,4.07,101.1157,197.5,942,5.322033893,316934,2573.274206,58.6,14083.9,629,16728.687,65.1,839,5855,63.4,610.8,4.1,7.5,268100,156.428
01-07-2013,5.2,4.37,101.9294,197.2,997,5.322033893,317156,2779.153235,58.7,14072,640,16953.838,65.2,880,5859,63.3,610.6,5.5,7.3,264800,158.288
01-08-2013,5.2,4.456,103.143,197.7,964,5.312220272,317397,2697.319195,58.7,14117.3,654,16953.838,65.2,917,5878,63.3,613.8,5.5,7.2,264800,159.396
01-09-2013,5.3,4.49,105.1505,197.6,1004,5.312220272,317635,2744.64319,58.7,14181.7,661,16953.838,65.2,850,5910,63.2,615.1,5.4,7.2,264800,159.675
01-10-2013,4.7,4.192,103.4174,197.9,1044,5.312220272,317864,2852.742899,58.3,14152.3,670,17192.019,65.1,925,5931,62.8,621.2,4.9,7.2,273600,159.558
01-11-2013,4.5,4.255,100.2048,198,1029,5.312220272,318076,3018.470038,58.6,14209.6,687,17192.019,65.1,1100,5963,63,625.8,5,6.9,273600,159.365
01-12-2013,4.5,4.4575,99.2019,197.4,1005,5.312220272,318276,2753.263423,58.7,14266.5,707,17192.019,65.1,1002,5932,62.9,628.6,5.2,6.7,273600,159.282
01-01-2014,5.2,4.432,96.8279,200.8,976,5.33753808,318464,3014.087349,58.8,14369.2,713,17197.738,64.9,888,5985,62.9,632.4,5.1,6.6,275200,159.37
01-02-2014,5.3,4.3025,96.6639,199.2,1039,5.33753808,318642,3181.425819,58.7,14456.4,714,17197.738,64.9,944,6007,62.9,641.6,5.3,6.7,275200,159.872
01-03-2014,5.2,4.3425,98.2095,199.3,1067,5.33753808,318827,3256.808765,58.9,14555,726,17197.738,64.9,970,6038,63.1,642.4,5.6,6.7,275200,161.189
01-04-2014,5.4,4.3375,99.8622,207,1090,5.33753808,319020,2996.568068,58.9,14624.5,743,17518.508,64.8,1043,6084,62.8,650.5,5.7,6.2,288000,162.969
01-05-2014,5.6,4.192,103.247,207.1,1018,5.33753808,319225,3247.923728,58.9,14689.5,754,17518.508,64.8,1007,6109,62.9,650,5.2,6.3,288000,164.684
01-06-2014,5.6,4.1625,102.0049,207,1010,5.33753808,319438,2848.40454,59,14760.1,771,17518.508,64.8,911,6133,62.8,657.1,5.7,6.1,288000,166.214
01-07-2014,5.5,4.13,104.798,207,1076,5.33753808,319670,3018.470038,59,14821.1,790,17804.228,64.3,1085,6178,62.9,665.1,6.2,6.2,281000,167.138
01-08-2014,5.3,4.115,103.4822,207.8,1047,5.33753808,319919,3323.585102,59,14894.2,793,17804.228,64.3,984,6210,62.9,669.8,5.4,6.1,281000,167.452
01-09-2014,5.5,4.1625,106.4102,208.8,1077,5.33753808,320166,3624.768179,59.1,14951.2,797,17804.228,64.3,1023,6242,62.8,677.3,5.4,5.9,281000,167.243
01-10-2014,5.4,4.036,107.4771,210.5,1094,5.33753808,320403,3377.180769,59.3,15022.7,806,17912.079,63.9,1074,6259,62.9,674.1,5.3,5.7,298900,166.911
01-11-2014,5.6,3.9975,99.994,210.3,1059,5.33753808,320616,3123.995722,59.2,15094,814,17912.079,63.9,1001,6272,62.9,676.7,5.7,5.8,298900,166.659
01-12-2014,6,3.864,107.8144,210,1072,5.338018733,320815,3534.372532,59.3,15170.9,826,17912.079,63.9,1073,6293,62.8,672.6,5.1,5.6,298900,166.461
01-01-2015,6.3,3.67,108.0196,217.3,1049,5.343290732,320997,3529.863564,59.3,15230.8,830,18063.529,63.8,1085,6320,62.9,680.1,4.8,5.7,289200,166.251
01-02-2015,6.4,3.71,98.3234,217.7,1127,5.343290732,321164,3123.995722,59.2,15313.3,830,18063.529,63.8,886,6361,62.7,680.4,4.5,5.5,289200,166.633
01-03-2015,5.9,3.77,98.0626,217.3,1072,5.343290732,321344,2766.20288,59.2,15314.2,843,18063.529,63.8,960,6334,62.6,682.1,5.1,5.4,289200,168.09
01-04-2015,5.9,3.672,102.8839,225,1166,5.344246298,321538,3742.890748,59.3,15373.5,868,18279.784,63.5,1190,6392,62.8,684.7,4.9,5.4,289100,169.97
01-05-2015,5.8,3.84,104.7122,224.4,1272,5.344246298,321740,3793.069571,59.4,15442.7,878,18279.784,63.5,1079,6427,62.9,690,5,5.6,289100,171.85
01-06-2015,5.7,3.9825,107.4307,223.7,1379,5.344246298,321954,3565.964247,59.4,15479,896,18279.784,63.5,1205,6441,62.7,688.5,5.4,5.3,289100,173.451
01-07-2015,5.6,4.046,112.8845,223.9,1140,5.344246298,322186,3683.744269,59.3,15518.6,908,18401.626,63.6,1146,6472,62.6,697.7,5.2,5.2,295800,174.496
01-08-2015,5.6,3.905,114.3793,224.8,1165,5.344246298,322427,3620.238665,59.4,15550.5,921,18401.626,63.6,1130,6490,62.6,698.2,5,5.1,295800,174.938
01-09-2015,5.8,3.89,114.5231,224.1,1144,5.344246298,322670,3921.335429,59.2,15570.5,939,18401.626,63.6,1224,6508,62.4,699.8,5.9,5,295800,175.045
01-10-2015,5.8,3.796,113.241,224.3,1160,5.344246298,322901,3670.119216,59.3,15608,943,18435.137,63.7,1058,6547,62.5,702.6,5.6,5,302500,175.051
01-11-2015,5.6,3.9425,112.7522,223.8,1244,5.344246298,323113,3738.335009,59.4,15615.4,962,18435.137,63.7,1172,6598,62.5,708.9,5.5,5.1,302500,175.143
01-12-2015,5.8,3.964,119.8456,224.1,1211,5.344246298,323318,3843.368125,59.6,15668.4,970,18435.137,63.7,1146,6630,62.7,712.9,5.1,5,302500,175.117
01-01-2016,6.1,3.8725,116.7888,231.5,1171,5.374352053,323509,3994.97222,59.7,15695.5,968,18525.933,63.5,1092,6631,62.7,714.2,5.6,4.8,299800,175.038
01-02-2016,5.6,3.66,119.0626,229.3,1172,5.374352053,323687,3907.556048,59.8,15695.9,982,18525.933,63.5,1225,6640,62.8,717,5.5,4.9,299800,175.283
01-03-2016,5.9,3.694,118.9009,229.6,1118,5.375278408,323871,3752.005219,59.8,15731.6,987,18525.933,63.5,1111,6678,63,720.5,5.5,5,299800,176.603
01-04-2016,5.5,3.605,109.6192,233.4,1160,5.378513909,324061,3489.329579,59.7,15758.9,998,18711.702,63.1,1163,6702,62.9,726.2,5,5.1,306000,178.497
01-05-2016,5.3,3.6,107.7492,233.2,1205,5.378513909,324260,3738.335009,59.7,15777.2,1010,18711.702,63.1,1148,6689,62.7,726.8,5.1,4.8,306000,180.345
01-06-2016,4.9,3.568,110.7745,233.7,1208,5.378513909,324476,4240.628786,59.7,15821.4,1016,18711.702,63.1,1203,6701,62.7,727.4,5.3,4.9,306000,181.917
01-07-2016,5.1,3.44,105.8163,235.4,1198,5.378513909,324697,4068.854061,59.8,15891.5,1033,18892.639,63.4,1239,6735,62.8,728.1,4.5,4.8,303800,183.02
01-08-2016,5.1,3.435,105.2523,235.1,1201,5.378513909,324924,3985.75416,59.8,15931.3,1038,18892.639,63.4,1171,6736,62.9,734.3,5,4.9,303800,183.658
01-09-2016,5.1,3.46,105.2719,234.9,1303,5.378513909,325155,3898.374648,59.7,15999.1,1038,18892.639,63.4,1068,6768,62.9,744.9,5.2,5,303800,183.948
01-10-2016,5.3,3.47,106.2018,234.7,1254,5.378513909,325368,4059.605528,59.7,16059.4,1053,19089.379,63.5,1313,6799,62.8,743.8,5.2,4.9,310900,184.022
01-11-2016,5.4,3.77,107.0915,234.9,1230,5.378513909,325562,4877.839215,59.7,16107.6,1042,19089.379,63.5,1140,6823,62.7,744,5.2,4.7,310900,184.234
01-12-2016,5,4.198,103.4522,233.9,1248,5.378513909,325742,4203.380285,59.7,16182.5,1057,19089.379,63.5,1252,6818,62.7,741.9,5.4,4.7,310900,184.406
01-01-2017,5.3,4.15,103.6667,238.9,1296,5.386328244,325901,4110.519209,59.9,16293.3,1063,19280.084,63.6,1190,6840,62.8,744.3,5.4,4.7,313100,184.657
01-02-2017,5.6,4.1675,109.3678,239.4,1237,5.386328244,326050,4423.0536,60,16363.5,1070,19280.084,63.6,1271,6881,62.9,747.6,5.3,4.6,313100,185.023
01-03-2017,5.6,4.196,104.1273,239.3,1273,5.385412073,326207,4418.358844,60.2,16415.1,1071,19280.084,63.6,1190,6902,62.9,746.5,5,4.4,313100,186.532
01-04-2017,5.7,4.045,99.4783,245.3,1239,5.394536224,326371,4054.982682,60.2,16476,1075,19438.643,63.9,1146,6916,63,745.1,5.4,4.4,318200,188.546
01-05-2017,6.3,4.01,98.5261,245.5,1205,5.394536224,326548,4526.564062,60.1,16573.2,1071,19438.643,63.9,1157,6931,62.8,747.2,5.1,4.4,318200,190.543
01-06-2017,6,3.904,98.5578,245.4,1353,5.394536224,326743,4839.637216,60.1,16604,1073,19438.643,63.9,1249,6962,62.8,747.5,5.3,4.3,318200,192.271
01-07-2017,6,3.9675,96.7684,245.6,1254,5.394536224,326939,4540.712403,60.2,16665.9,1075,19692.595,63.9,1206,6968,62.9,753.2,5.8,4.3,320500,193.516
01-08-2017,6.1,3.88,96.8806,245.6,1336,5.428028973,327140,4231.31112,60.1,16733.7,1083,19692.595,63.9,1159,7002,62.9,752.7,6.1,4.4,320500,194.351
01-09-2017,5.9,3.805,96.879,244.7,1277,5.517452896,327342,4259.27517,60.4,16841.9,1093,19692.595,63.9,1181,7013,63.1,752.2,5.3,4.3,320500,194.822
01-10-2017,6,3.895,98.9506,243.8,1360,5.517452896,327528,4649.445547,60.1,16930.8,1101,20037.088,64,1257,7031,62.7,759.7,5.5,4.2,337900,195.089
01-11-2017,5.6,3.922,101.8784,243.4,1295,5.517452896,327699,4583.204986,60.1,16997.5,1107,20037.088,64,1273,7068,62.7,763.3,4.8,4.2,337900,195.457
01-12-2017,5,3.95,102.0626,243.3,1312,5.517452896,327848,4668.402761,60.1,17058.2,1100,20037.088,64,1177,7091,62.7,772.5,5.6,4.1,337900,195.852
01-01-2018,5.7,4.0325,100.0281,246.8,1311,5.446306244,327969,4706.35874,60.1,17141.7,1105,20328.553,64.2,1299,7093,62.7,776.7,6,4,331800,196.119
01-02-2018,5.8,4.33,101.3911,246.6,1331,5.446306244,328085,5088.906771,60.4,17204.1,1109,20328.553,64.2,1277,7184,63,785.2,5.7,4.1,331800,196.908
01-03-2018,5.9,4.444,100.3022,246.5,1381,5.486869473,328219,4578.480073,60.4,17268.2,1121,20328.553,64.2,1318,7194,62.9,787.9,5.2,4,331800,198.576
01-04-2018,6,4.4675,102.4601,248.1,1365,5.495937961,328364,4782.4359,60.4,17328.7,1124,20580.912,64.5,1276,7212,62.9,792.9,5.6,4,315600,200.619
01-05-2018,6,4.586,105.2745,249.2,1331,5.505331536,328521,4963.990424,60.5,17404.4,1131,20580.912,64.5,1357,7274,62.9,798.1,5.5,3.8,315600,202.457
01-06-2018,6.3,4.57,103.0784,251,1338,5.505331536,328692,4725.357432,60.5,17488.4,1126,20580.912,64.5,1192,7292,63,802.2,5.8,4,315600,204.047
01-07-2018,6.5,4.5275,103.6884,250.3,1333,5.505737957,328863,4432.445802,60.6,17587.6,1127,20798.73,64.4,1208,7318,63,803,6,3.8,330900,204.954
01-08-2018,6.6,4.55,103.0046,249.6,1293,5.527840525,329040,4963.990424,60.3,17664,1129,20798.73,64.4,1288,7347,62.6,802.1,6.5,3.8,330900,205.332
01-09-2018,6.8,4.6275,100.7646,249.7,1320,5.527840525,329216,4606.842686,60.4,17693.5,1135,20798.73,64.4,1250,7375,62.8,803.8,6.6,3.7,330900,205.378
01-10-2018,6.7,4.83,100.0901,250.3,1280,5.527840525,329379,4301.283218,60.5,17749.8,1141,20917.867,64.6,1221,7389,62.9,803.4,7.2,3.8,322800,205.373
01-11-2018,6.5,4.866,95.3075,249.9,1334,5.527840525,329527,4343.365219,60.6,17795.7,1144,20917.867,64.6,1181,7386,62.9,808.8,6.4,3.8,322800,205.111
01-12-2018,8.4,4.6375,96.3338,249.9,1320,5.521460918,329659,3981.146568,60.6,18012.4,1148,20917.867,64.6,1095,7396,63,812.7,7.6,3.9,322800,204.703
01-01-2019,8.2,4.464,102.6488,252.7,1254,5.528237902,329766,4944.822281,60.6,18053.9,1152,21104.133,64.2,1232,7424,63.1,816.2,7,4,313000,204.209
01-02-2019,8.5,4.37,98.9187,252.1,1302,5.52744299,329862,5311.26497,60.7,18151.4,1140,21104.133,64.2,1128,7396,63.1,813.7,6.4,3.8,313000,204.439
01-03-2019,7.9,4.265,97.4072,251.2,1291,5.534969268,329977,5151.573331,60.6,18229.5,1125,21104.133,64.2,1195,7422,63,816.9,5.7,3.8,313000,205.786
01-04-2019,7.7,4.1425,98.5315,255.6,1298,5.538514672,330103,5287.013008,60.6,18262.1,1123,21384.775,64.3,1267,7459,62.9,811,5.8,3.6,322500,207.698
01-05-2019,7.3,4.072,98.1995,258.1,1338,5.55101972,330240,4791.960947,60.6,18277,1132,21384.775,64.3,1307,7486,62.9,812.2,6.7,3.7,322500,209.361
01-06-2019,7.1,3.8025,98.042,257.7,1301,5.541655625,330393,4521.849714,60.7,18310.5,1142,21384.775,64.3,1228,7511,63,815.6,5.2,3.6,322500,210.598
01-07-2019,6.8,3.765,102.4513,255.5,1347,5.538907831,330553,4758.638222,60.8,18328.6,1146,21694.282,64.7,1245,7525,63.1,817.5,5.9,3.7,318400,211.349
01-08-2019,7,3.616,103.3392,255.4,1528,5.533784668,330729,5117.812647,60.8,18423.6,1149,21694.282,64.7,1367,7530,63.1,824.7,5.4,3.7,318400,211.708
01-09-2019,7.2,3.605,106.1046,255.5,1491,5.538907831,330904,4432.445802,61,18474.4,1161,21694.282,64.7,1300,7551,63.2,825.8,5.4,3.5,318400,211.886
01-10-2019,7.3,3.688,102.4713,255.4,1538,5.529825834,331066,5117.812647,61,18549.5,1160,21902.39,65,1332,7556,63.3,828.6,5.3,3.6,327100,211.979
01-11-2019,7.1,3.695,97.2591,255.1,1522,5.532994154,331213,4877.839215,61,18630.7,1165,21902.39,65,1346,7545,63.3,830.7,5.4,3.6,327100,212.117
01-12-2019,6.4,3.72,100.0059,255,1461,5.536152467,331345,5195.038471,61,18583.8,1177,21902.39,65,1551,7528,63.3,828.2,5.6,3.6,327100,212.248
01-01-2020,7.2,3.624,107.993,254.2,1500,5.536940489,331443,5156.399544,61.1,18821.5,1195,21706.513,65.3,1572,7580,63.3,828.4,5.7,3.5,329000,212.409
01-02-2020,7.7,3.465,105.8406,253.9,1440,5.540086382,331525,5007.167428,61.1,18925.6,1213,21706.513,65.3,1565,7608,63.3,837.2,5.6,3.5,329000,213.229
01-03-2020,11.275,3.45,100.6725,253.9,1348,5.553734478,331634,4892.178879,59.8,18577.4,1215,21706.513,65.3,1267,7539,62.6,833.5,6.5,4.4,329000,215.207
01-04-2020,11.275,3.306,95.8725,257.2,1050,5.555282466,331684,4701.61122,55.025,20750.9,1193,19913.143,68,925,6527,60.1,708.4,6.9,9.6,322600,217.254
01-05-2020,11.275,3.2325,99.8972,256.2,1253,5.577084822,331685,4531.279292,55.025,19877.2,1180,19913.143,68,1054,7009,60.8,773.6,5.4,9.6,322600,218.504
01-06-2020,11.275,3.1625,104.5993,258.4,1329,5.577084822,331728,4877.839215,55.025,19920.9,1183,19913.143,68,1266,7170,61.5,793.6,3.8,9.6,322600,219.83
01-07-2020,11.275,3.016,105.4513,259.7,1526,5.569870057,331795,5214.377369,55.2,20191.5,1201,21647.64,67.3,1529,7195,61.5,803.1,3.4,9.6,337500,221.585
01-08-2020,11.275,2.935,103.4103,259.6,1564,5.569870057,331870,4849.182647,56.5,19594.2,1213,21647.64,67.3,1377,7225,61.7,810,3.3,8.4,337500,224.064
01-09-2020,11.275,2.89,101.6846,259.8,1643,5.577084822,331950,5859.630519,56.6,19744.9,1218,21647.64,67.3,1463,7256,61.4,818.9,3.4,7.9,337500,226.817
01-10-2020,11.275,2.834,102.824,259.7,1622,5.577084822,332025,5486.464303,57.4,19758.5,1228,22024.502,65.7,1537,7310,61.7,827.2,3.3,6.9,358700,229.83
01-11-2020,11.275,2.765,104.775,259.5,1713,5.577084822,332063,4858.73146,57.4,19610.4,1248,22024.502,65.7,1545,7317,61.5,828,4,6.7,358700,232.337
01-12-2020,11.275,2.684,105.794,259.6,1760,5.577084822,332047,5564.65696,57.4,19775.2,1262,22024.502,65.7,1663,7355,61.5,837.6,4.1,6.7,358700,234.39
01-01-2021,11.275,2.735,107.7894,260.7,1866,5.577841251,331992,5359.828665,57.5,21760.9,1282,22600.185,65.6,1602,7363,61.3,842.5,4,6.3,369800,236.468
01-02-2021,11.275,2.81,94.1235,261.3,1700,5.581238122,331968,5253.093878,57.6,20254,1286,22600.185,65.6,1422,7291,61.4,846.2,4.9,6.2,369800,239.252
01-03-2021,11.275,3.0825,99.3792,261.2,1731,5.580861261,332007,5923.899973,57.8,24471.8,1308,22600.185,65.6,1700,7395,61.5,858,4.4,6.1,369800,244.249
01-04-2021,11.275,3.06,102.5381,268,1714,5.586124431,332073,5820.142955,57.9,21304.2,1320,23292.362,65.5,1484,7406,61.6,854.3,4.7,6.1,382600,249.856
01-05-2021,9.9,2.9625,99.2814,268.2,1680,5.598421959,332144,5325.825724,58,20899.7,1338,23292.362,65.5,1600,7394,61.5,855.8,5.6,5.8,382600,255.481
01-06-2021,8.7,2.975,96.703,268.4,1644,5.598421959,332231,5137.099576,58,20934.3,1372,23292.362,65.5,1661,7400,61.7,857.8,5.8,5.9,382600,261.206
01-07-2021,9.4,2.868,95.8351,269.453,1618,5.608797575,332358,5442.568718,58.4,21156.5,1387,23828.973,65.4,1593,7415,61.8,867.2,5.7,5.4,411200,265.545
01-08-2021,8.7,2.8425,95.9847,271.193,1837,5.608797575,332489,5204.706303,58.6,21207.3,1412,23828.973,65.4,1576,7431,61.7,873.6,6.5,5.2,411200,268.821
01-09-2021,7.2,2.9,96.9222,271.694,1636,5.608797575,332594,4820.556519,58.8,21051.2,1437,23828.973,65.4,1560,7472,61.7,879.9,6,4.8,411200,271.474
01-10-2021,6.6,3.0675,97.2735,271.977,1727,5.608797575,332692,4949.613065,59,21201.4,1464,24654.603,65.5,1572,7514,61.8,882.8,6.8,4.5,423600,273.682
01-11-2021,6.2,3.0675,101.2447,270.722,1775,5.633628215,332790,5579.340204,59.4,21297.7,1493,24654.603,65.5,1712,7560,61.9,889.2,6,4.2,423600,276.049
01-12-2021,6.1,3.098,105.87,271.163,1948,5.633628215,332876,5325.825724,59.5,21352.9,1526,24654.603,65.5,1787,7594,62,896.4,5.6,3.9,423600,278.63
01-01-2022,4.1,3.445,102.9497,280.267,1898,5.685435188,332918,4935.243217,59.7,21294.8,1553,25029.116,65.4,1669,7590,62.2,902.9,5.8,4,433100,282.015
01-02-2022,4.1,3.7625,101.875,281.955,1817,5.711426518,332959,5491.345503,59.8,21426.2,1581,25029.116,65.4,1771,7669,62.2,910.6,6.2,3.8,433100,287.258
01-03-2022,3.4,4.172,101.5162,281.915,1877,5.711426518,333056,5418.209748,60.1,21510.5,1631,25029.116,65.4,1713,7692,62.4,913.6,7,3.6,433100,295.081
01-04-2022,3.1,4.9825,97.823,287.439,1795,5.722450472,333184,5442.568718,59.9,21581.3,1667.5,25544.273,65.9,1803,7698,62.2,918.3,8.5,3.6,449300,301.728
01-05-2022,3.1,5.23,98.8438,287.567,1708,5.722450472,333317,5859.630519,60,21657.1,1667.5,25544.273,65.9,1543,7736,62.3,925.1,8.3,3.6,449300,306.506
01-06-2022,2.7,5.522,100.5367,288.522,1701,5.738872875,333460,5594.030405,59.9,21740.7,1667.5,25544.273,65.9,1561,7749,62.2,921.4,9.5,3.6,449300,308.301
01-07-2022,3.5,5.4125,99.3388,296.731,1658,5.738872875,333624,5613.628141,59.9,21910.5,1667.5,25994.639,66,1371,7773,62.1,924.1,10.1,3.5,468000,307.136
01-08-2022,3.2,5.2225,97.9552,299.595,1586,5.738872875,333799,5413.340315,60.1,22024.3,1667.5,25994.639,66,1505,7781,62.3,924.5,8.7,3.7,468000,303.686
01-09-2022,3,6.112,98.9721,301.55,1588,5.742656974,333976,5820.142955,60.1,22121.5,1667.5,25994.639,66,1463,7797,62.3,924.6,9.7,3.5,468000,300.503
01-10-2022,3,6.9,99.6175,306.085,1555,5.742656974,334141,5379.276376,60,22242.2,1667.5,26408.405,65.9,1432,7814,62.2,929.5,9.7,3.7,479500,298.727
01-11-2022,3.3,6.805,92.0686,307.269,1402,5.742656974,334287,6342.172793,59.9,22267.7,1667.5,26408.405,65.9,1427,7833,62.2,929,9.4,3.6,479500,296.923
01-12-2022,3.4,6.364,92.3086,307.445,1409,5.742656974,334420,5584.236165,60.1,22312.3,1667.5,26408.405,65.9,1357,7859,62.3,934.3,8.5,3.5,479500,294.415
01-01-2023,4.4,6.2725,95.9918,322.376,1354,5.806197657,334533,5520.649086,60.2,22525.3,1667.5,26813.601,66,1340,7885,62.4,935.8,8.1,3.4,429000,292.849
01-02-2023,4.7,6.2575,98.5209,326.256,1482,5.806197657,334637,6512.914619,60.2,22648.4,1667.5,26813.601,66,1436,7899,62.5,931.7,8.4,3.6,429000,293.468
01-03-2023,5.2,6.544,93.3392,326.838,1437,5.811221828,334753,6267.106393,60.4,22757.9,1667.5,26813.601,66,1380,7890,62.6,931.6,8.1,3.5,429000,297.316
01-04-2023,5.2,6.3425,92.2793,327.097,1417,5.821432168,334880,5711.801065,60.4,22815.8,1667.5,27063.012,65.9,1348,7901,62.6,928.1,7.6,3.4,418500,301.469
01-05-2023,5.3,6.425,97.6334,329.026,1496,5.821432168,335013,6297.113648,60.3,22893.1,1667.5,27063.012,65.9,1583,7926,62.6,927.8,7.2,3.7,418500,305.427
01-06-2023,4.9,6.714,97.0416,328.71,1441,5.821432168,335163,6087.608141,60.3,22941.5,1667.5,27063.012,65.9,1418,7955,62.6,929.5,7.5,3.6,418500,308.307
01-07-2023,4.1,6.84,94.5577,331.181,1443,5.821432168,335329,5311.26497,60.4,22994.3,1667.5,27623.543,66,1451,7967,62.6,922.6,7,3.5,431000,310.162
